James (7): Bucky Barnes, Captain Kirk, Doomslayer, James Moriarty, Jim Gordon, War Machine, Wolverine
Alex (5): Alex (Minecraft), Alex DeLarge, Alex Fierro, Alex Vogel, Alex
John (5): Captain John H. Miller, John Proudstar, John Seward, John Stewart, John Watson
Alan (4): Alan Bradley, Alan Grant, Alan Scott, Alan Wake
Arthur (4): Aquaman, Arthur Holmwood, Arthur Weasley, Drax the Destroyer
Samuel (4): Dr. Loomis, Dr. Samuel Hayden, Falcon, Sam Alexander
Frisk (4): Frisk (Genocide Route), Frisk (Neutral Route), Frisk (Pacifist Route), Frisk
Amy (3): Amethyst, Amy Cahill, Amy Rose
Anakin (3): Anakin Skywalker (Young), Anakin Skywalker, Darth Vader
Victor (3): Anole, Cyborg, Victor Frankenstein
Barry (3): Barry Allen, Barry B. Benson, Barry Wheeler
Bill (3): Bill Cipher, Bill Kerman, Bill Weasley
Sam (3): Cannonball, Sam (Sam and Fuzzy), Sam (Stardew Valley)
Scott (3): Cyclops, Scott Lang, Young Cyclops
William (3): Guile, Maxwell, William Cage
Kal (3): Kal-L, Superboy Prime, Superman
Ruby (3): Ruby Rider, Ruby Rose, Ruby
Adam (2): Adam Warlock, Frankenstein Monster
Alice (2): Alice Daerdahk, Alice Johnson
Anna (2): Anna Croft, Anna
Ashley (2): Ashley Brown, Ashley Williams
Atsuhiro (2): Atsuhiro Sako, Kurogiri
Bruce (2): Batman, Bruce Ng
Billy (2): Billy Pilgrim, Captain Marvel
Michael (2): Booster Gold, Michael Myers
Bowser (2): Bowser Jr., Bowser
Brian (2): Brian Robeson, Captain Britain
Calypso (2): Calypso (The Odyssey), Calypso
Steve (2): Captain America, Steve (Minecraft)
Carter (2): Carter Kane, Sadie Kane
Nilox (2): Deag Grav, Deag Nilox
Rose (2): Gran'ma Ben, Rose Tico
Han (2): Han Solo (Old), Han Solo
Harrison (2): Harrison Truscott (Evil), Harrison Truscott
Harry (2): Harry Lyme, Harry Potter
Robert (2): Hulk, Mr. Incredible
Iris (2): Irey West, Iris West
Jason (2): Jason Grace, Jason Todd
Jonathan (2): Jonathan Harker, The Human Torch
Ken (2): Ken Ishiyama, Ken
Leia (2): Leia Organa (Old), Leia Organa
Luke (2): Luke Castellan, Luke Skywalker
Thomas (2): Neo, Thomas Jefferson Jr.
Steven (2): Pearl, Steven Universe
Sebastian (2): Sebastian Polge, Sebastian
Peter (2): Spider-Man, Star-Lord
Wallace (2): Wally West II, Wally West
Yekkon (2): Yekkon Shmalakis, Yekkon Shmekkon
Aang (1): Aang
Abby (1): Abby Cadabby
Abigail (1): Abigail
Abraham (1): Abraham Van Helsing
Alma (1): Abuela Alma Madrigal
Adora (1): Adora
Adrian (1): Adrian Monk
Aerith (1): Aerith Gainsborough
Agatha (1): Agatha
Eugene (1): Agent Venom
Ahsoka (1): Ahsoka Tano
Ajak (1): Ajak
Akihide (1): Akihide Karatsu
Akkar (1): Akkar
Akuma (1): Akuma
Albus (1): Albus Dumbledore
Alexander (1): Alexander Luthor Jr.
Alfred (1): Alfred Pennyworth
Toshinori (1): All-Might
Allison (1): Allison Blake
Ally (1): Ally
Alois (1): Alois
Aloy (1): Aloy
Alphys (1): Alphys
Alucard (1): Alucard
Alyx (1): Alyx
Amadeus (1): Amadeus Cho
Amanda (1): Amanda Waller
Amara (1): Amara
Amber O'Malley (1): Amazi-Girl
America (1): America Chavez
Amethyst (1): Amethyst (Steven Universe)
Amilyn (1): Amilyn Holdo
Amos (1): Amos Kane
Amitjyoti (1): Amy Ferrier
Anan (1): Anan Kurose
Warren (1): Angel
Animal (1): Animal
Ann (1): Ann Takamaki
Annabeth (1): Annabeth Chase
Annette (1): Annette
Annie (1): Annie Montrose
Anton (1): Anton Chigurh
Antonio (1): Antonio Madrigal
Aphelios (1): Aphelios
Apollo (1): Apollo
Applejack (1): Applejack
Aragorn (1): Aragorn
Araithia (1): Araithia Shokta
Hisako (1): Armor
Arrolys (1): Arrolys Larskano
Arthail (1): Arthail Consumer of Food
Arthas (1): Arthas Menethil
Artyom (1): Artyom
Arwen (1): Arwen
Arya (1): Arya
Asami (1): Asami Sato
Asgore (1): Asgore
Ash (1): Ash Ketchum
Ashe (1): Ashe
Athena (1): Athena
Atomic (1): Atomic Robo
Atreus (1): Atreus
Atticus (1): Atticus Finch
Audrey (1): Audrey Ramirez
Agustín (1): Augustin Madrigal
Jeanne-Marie (1): Aurora
Austin (1): Austin
Axton (1): Axton
Azula (1): Azula
Baljeet (1): Baljeet Tjinder
Banjo (1): Banjo
Sean (1): Banshee
Barbara (1): Barbara Gordon
Bard (1): Bard the Bowman
Vladimir (1): Baron Vladimir Harkonnen
Helmut (1): Baron Zemo
Barret (1): Barret Wallace
Bart (1): Bart Allen
Bastion (1): Bastion
Cereza (1): Bayonetta
BB-8 (1): BB-8
Beaker (1): Beaker
Julian (1): Bean
Garfield (1): Beast Boy
Hank (1): Beast
Beauregard (1): Beauregard Lionett
Bentley (1): Bentley-23
Berdly (1): Berdly
Bernadetta (1): Bernadetta
Bert (1): Bert
Beth (1): Beth Johanssen
Bianca (1): Bianca di Angelo
Big (1): Big the Cat
Bilbo (1): Bilbo Baggins
Bismuth (1): Bismuth
Dinah (1): Black Canary
Jefferson (1): Black Lightning
T'Challa (1): Black Panther
Natasha (1): Black Widow
Blake (1): Blake Belladonna
Blaze (1): Blaze the Cat
Clarice (1): Blink
Blitzen (1): Blitzen
Adam  (1): Blue Marvel
Blue (1): Blue
Bob (1): Bob Kerman
Boba (1): Boba Fett
Bobby (1): Bobby
Bolin (1): Bolin
Boromir (1): Boromir
Boun (1): Boun
Bow (1): Bow
Querl (1): Brainiac 5
Breach (1): Breach
Briar (1): Briar Harvestar
Brick (1): Brick
Brimstone (1): Brimstone
Brock (1): Brock
Brom (1): Brom
Brook (1): Brook
Bruno (1): Bruno Madrigal
Buford (1): Buford Van Stomm
Byleth (1): Byleth
Byllemura (1): Byllemura Ruby-Eye
Caudceus (1): Caduceus Clay
Caesar (1): Caesar Anthonio Zeppeli
Cal (1): Cal Kestis
Bren (1): Caleb Widogast
Camilo (1): Camilo Madrigal
Candace (1): Candace Flynn
Ahab (1): Captain Ahab
Digger (1): Captain Boomerang
Douglas (1): Captain Falcon
George (1): Captain George Pollard Jr.
Frederick (1): Captain Marvel Jr.
Phasma (1): Captain Phasma
Carasynthia (1): Cara Dune
Carmen (1): Carmen Cortez
Carol (1): Carol Danvers
Caspar (1): Caspar
Cassandra (1): Cassie Lang
Catherine (1): Catherine
Catra (1): Catra
Chani (1): Chani
Chara (1): Chara
Chell (1): Chell
Chewbacca (1): Chewbacca
Chiyo (1): Chiyo Shuzenji
Chun (1): Chun-Li
Circe (1): Circe
Clarisse (1): Clarisse La Rue
Claude (1): Claude
Colin (1): Colin Frazer
Piotr (1): Colossus
Connie (1): Connie Maheswaran
Culverton (1): Culverton Smith
Toya (1): Dabi
Damian (1): Damian Wayne
Dana (1): Dana Franklin
Dapper (1): Dapper Cyclops
Dashiell (1): Dash Parr
Wade (1): Deadpool
Ragnak (1): Deag Ragnak
Dedue (1): Dedue
Tavish (1): Demoman
Denki (1): Denki Kaminari
Dennis (1): Dennis Nedry
Devahi (1): Devahi
Richard (1): Dick Grayson
Dimitri (1): Dimitri
Dipper (1): Dipper Pines
Ivo (1): Doctor Eggman
Dolores (1): Dolores Madrigal
Dorothea (1): Dorothea
Dorothy (1): Dorothy Gale
Bunsen (1): Dr. Bunsen Honeydew
Christopher (1): Dr. Chris Beck
Druig (1): Druig
Leto (1): Duke Leto Atreides
Duncan (1): Duncan Idaho
Dyan (1): Dyan
Edelgard (1): Edelgard
Ego (1): Ego
Eijiro (1): Eijiro Kirishima
Helen (1): Elastigirl
Eldon (1): Eldon Spark Turen
Ellie (1): Ellie Sattler
Elliot (1): Elliot
Elsa (1): Elsa
Emily (1): Emily
Dell (1): Engineer
Ernie (1): Ernie
Ethan (1): Ethan Chou
Fedora (1): Fedora Turthin
Félix (1): Felix Madrigal
Felix (1): Felix
Ferdinand (1): Ferdinand
Finn (1): Finn
Fjord (1): Fjord
Flayn (1): Flayn
Fleur (1): Fleur Delacour
Flowey (1): Flowey
Fone (1): Fone Bone
Frank (1): Frank Zhang
Flam (1): Franky
Frodo (1): Frodo Baggins
Lucius (1): Frozone
Fumikage (1): Fumikage Tokoyami
Fuzzy (1): Fuzzy
Gamora (1): Gamora
Gandalf (1): Gandalf
Garnet (1): Garnet
Garrik (1): Garrik Doriana
Qymaen (1): General Grievous
Geralt (1): Geralt of Rivia
Gilgamesh (1): Gilgamesh
Gimli (1): Gimli
Ginevra (1): Ginny Weasley
Glimmer (1): Glimmer
Glinda (1): Glinda the Good Witch
Glossu (1): Glossu Rabban Harkonnen
Glynnric (1): Glynnric Manassnass
Gordon (1): Gordon Freeman
Wilhuff (1): Grand Moff Tarkin
Greef (1): Greef Karga
Oliver (1): Green Arrow
Groot (1): Groot
Grover (1): Grover Underwood
Stanley (1): Grunkle Stan
Rubeus (1): Hagrid
Harold (1): Hal Jordan
Haley (1): Haley
Halfborn (1): Halfborn Gunderson
Henry (1): Hank Pym
Hanta (1): Hanta Sero
Lyla (1): Harbringer
Harvey (1): Harvey
Clinton (1): Hawkeye
Shayera (1): Hawkgirl
Hazel (1): Hazel Levesque
Hearthstone (1): Hearthstone
Mikhail (1): Heavy
Hermione (1): Hermione Granger
Higari (1): Higari Maijima
Hilda (1): Hilda
Himiko (1): Himiko Toga
Hippolyta (1): Hippolyta
Hiryu (1): Hiryu Rin
Hizashi (1): Hizashi Yamada
Hope (1): Hope van Dyne
Hubert (1): Hubert
Ian (1): Ian Malcolm
Ibara (1): Ibara Shiozaki
Ignatz (1): Ignatz
Ikaris (1): Ikaris
IKCFAMWSIIF (1): IKCFAMWSIIF
Ingrid (1): Ingrid
Iroh (1): Iroh
Nathaniel (1): Iron Lad
Anthony (1): Iron Man
Riri (1): Ironheart
Isabela (1): Isabela Madrigal
Isabelle (1): Isabelle
Itsuka (1): Itsuka Kendo
Izuku (1): Izuku Midoriya
Jabba (1): Jabba the Hutt
Jai (1): Jai West
Janet (1): Janet van Dyne
Jango (1): Jango Fett
Jar Jar (1): Jar Jar Binks
Jay (1): Jay Garrick
Jebediah (1): Jebediah Kerman
Jem (1): Jem Finch
Jesse (1): Jesse Quick
Jester (1): Jester Lavorre
Jin (1): Jin Bubaigawara
Jinbe (1): Jinbe
Jono (1): Jono Jenkins
Jori-En (1): Jori-En Blurred
Julieta (1): Julieta Madrigal
Juni (1): Juni Cortez
Jurota (1): Jurota Shishida
Juzo (1): Juzo Honenuki
Kalathos (1): Kalathos Sunstrider
Kareem (1): Kareem Par-Al
Karun (1): Karun Patel
Katara (1): Katara
Katsuki (1): Katsuki Bakugo
Kazooie (1): Kazooie
Kevin (1): Kevin McCallister
Makyr (1): Khan Makyr
King (1): King
Kingdok (1): Kingdok
Kingo (1): Kingo
Kinoko (1): Kinoko Komori
Koji (1): Koji Koda
Kojiro (1): Kojiro Bondo
Korra (1): Korra
Kosei (1): Kosei Tsuburaba
Kratos (1): Kratos
Kris (1): Kris
Kristoff (1): Kristoff
Kro (1): Kro
Kronya (1): Kronya
Kuiil (1): Kuiil
Ben (1): Kylo Ren
Kyoka (1): Kyoka Jiro
Jessica (1): Lady Jessica
Lancer (1): Lancer
Lando (1): Lando Calrissian
Lapis (1): Lapis Lazuli
Laurie (1): Laurie Strode
Leah (1): Leah
Legolas (1): Legolas
Leonidas (1): Leo Valdez
Leonie (1): Leonie
Alexis (1): Lex Murphy
Linhardt (1): Linhardt
Loki (1): Loki
Jimothy (1): Long Jim
Lorana (1): Lorana Ritten
Tom (1): Lord Voldemort
Lorenz (1): Lorenz
Luigi (1): Luigi
Luisa (1): Luisa Madrigal
Lysithea (1): Lysithea
Master (1): M. Bison
Mabel (1): Mabel Pines
Mace (1): Mace Windu
Max (1): Magneto
Magnus (1): Magnus Chase
Mai (1): Mai
Makkari (1): Makkari
Mallory (1): Mallory Keen
Manga (1): Manga Fukidashi
Marianne (1): Marianne
Mario (1): Mario
Mark (1): Mark Watney
J'onn (1): Martian Manhunter
Maru (1): Maru
Marv (1): Marv Murchins
Mary (1): Mary Marvel
Mashirao (1): Mashirao Ojiro
Maui (1): Maui
Maxwell (1): Max Mercury
Mei (1): Mei Hatsume
Melissa (1): Melissa Lewis
Mercedes (1): Mercedes
Meriadoc (1): Merry Brandybuck
Mettaton (1): Mettaton
Mezo (1): Mezo Shoji
Miles (1): Miles Morales
Mina (1): Mina Ashido
Wilhelmina (1): Mina Harker
Minoru (1): Minoru Mineta
Mirabel (1): Mirabel Madrigal
M'gann (1): Miss Martian
Misty (1): Misty
Michelle (1): MJ Watson (MCU)
Moana (1): Moana
Momo (1): Momo Yaoyorozu
Monica (1): Monica Rambeau
Luffy (1): Monkey D. Luffy
Reed (1): Mr. Fantastic
Kamala (1): Ms. Marvel
Mycroft (1): Mycroft Holmes
Nadia (1): Nadia Van Dyne
Nahara (1): Nahara
Namaari (1): Namaari
Nami (1): Nami
Nebula (1): Nebula
Neito (1): Neito Monoma
Nemuri (1): Nemuri Kayama
Nezu (1): Nezu
Nico (1): Nico di Angelo
Robin (1): Nico Robin
Kurt (1): Nightcrawler
Nirengeki (1): Nirengeki Shoda
Noelle (1): Noelle Holiday
Noi (1): Noi
Jean-Paul (1): Northstar
Obi-Wan (1): Obi-Wan Kenobi
Ochaco (1): Ochaco Uraraka
Odysseus (1): Odysseus
Olaf (1): Olaf
Ozai (1): Ozai
Padmé (1): Padme Amidala
Pan (1): Pan
Papyrus (1): Papyrus
Kell (1): Pariah
Paul (1): Paul Atreides
Penny (1): Penny
Pepa (1): Pepa Madrigal
Percy (1): Percy Jackson
Peregrin (1): Peregrin Took
Peridot (1): Peridot
Petra (1): Petra (Fire Emblem)
Phastos (1): Phastos
Phoncible (1): Phoney Bone
Piper (1): Piper McLean
Poe (1): Poe Dameron
Polyphemus (1): Polyphemus
Pony (1): Pony Tsunotori
Ace (1): Portgas D. Ace
Daisy (1): Princess Daisy
Peach (1): Princess Peach
Elizabeth (1): Psylocke
Queen (1): Queen
Qui-Gon (1): Qui-Gon Jinn
Pietro (1): Quicksilver
Quincey (1): Quincey Morris
Quirinus (1): Quirinus Quirrell
Rachel (1): Rachel Elizabeth Dare
Ralsei (1): Ralsei
Raphael (1): Raphael
Raya (1): Raya
Red (1): Red (Pokemon)
Reiko (1): Reiko Yanagi
Reithen (1): Reithen Keiros
Rey (1): Rey
Rhea (1): Rhea
Rick (1): Rick Martinez
Rikido (1): Rikido Sato
Rikk (1): Rikk
Rita (1): Rita Vrataski
Rocket (1): Rocket Raccoon
Ron (1): Ron Weasley
Ronan (1): Ronan the Accuser
Zoro (1): Roronoa Zoro
Rosalina (1): Rosalina
Rumy (1): Rumy
Ryo (1): Ryo Inui
Ryu (1): Ryu
Sabo (1): Sabo
Samirah (1): Samirah al-Abbas
Samwise (1): Samwise Gamgee
Sans (1): Sans
Sapphire (1): Sapphire
Scarecrow (1): Scarecrow (Oz)
Wanda (1): Scarlet Witch
Hanzo (1): Scorpion
Jean (1): Scout Finch
Jeremy (1): Scout
Sekijiro (1): Sekijiro Kan
Sen (1): Sen Kaibara
Sersi (1): Sersi
Seteth (1): Seteth
Seth (1): Seth
Setsuna (1): Setsuna Tokage
Shamir (1): Shamir
Shane (1): Shane
Sheev (1): Sheev Palpatine
Sherlock (1): Sherlock Holmes
Shihai (1): Shihai Kuroiro
Shota (1): Shota Aizawa
Shoto (1): Shoto Todoroki
Sisu (1): Sisu
Smaug (1): Smaug
Smiley (1): Smiley Bone
Snoke (1): Snoke
Sokka (1): Sokka
Solon (1): Solon
Olivia (1): Sombra
Sonic (1): Sonic the Hedgehog
Jesus (1): Soos Ramirez
Sothis (1): Sothis
Spamton (1): Spamton
Shuichi (1): Spinner
Sprite (1): Sprite
Squee (1): Squee
Stanford (1): Stanford Pines
Ororo (1): Storm
Suki (1): Suki
Shiro (1): Sunfire
Kara (1): Supergirl
Susie (1): Susie
Sven (1): Sven
Sylvain (1): Sylvain
Buddy (1): Syndrome
Tamatoa (1): Tamatoa
Te (1): Te Ka
Theodore (1): Ted Kord
Tenya (1): Tenya Ida
Terrence (1): Terrence the Baby Tarrasque
Tetsutetsu (1): Tetsutetsu Tetsutetsu
Thales (1): Thales
Thalia (1): Thalia Grace
Thanos (1): Thanos
Grogu (1): The Child
Susan (1): The Invisible Woman
Din (1): The Mandalorian
Benjamin (1): The Thing
Thena (1): Thena
Thor (1): Thor
Thorn (1): Thorn Harvestar
Timothy (1): Tim Drake
Tim (1): Tim Murphy
Nick (1): Tin Woodman
Togaru (1): Togaru Kamakiri
Tomura (1): Tomura Shigaraki
Tong (1): Tong
Chopper (1): Tony Tony Chopper
Toph (1): Toph Beifong
Toriel (1): Toriel
Toru (1): Toru Hakagure
Tsuyu (1): Tsuyu Asui
Ty (1): Ty Lee
Tyson (1): Tyson
Uka (1): Uka
Ultron (1): Ultron
Undyne (1): Undyne
Usopp (1): Usopp
Valentina (1): Valentina Kerman
Venom (1): Venom
Revvetha (1): Veth Brenatto
Vikram (1): Vikram Kommareddi
Sanji (1): Vinsmoke Sanji
Violet (1): Violet Parr
Vision (1): Vision
Vivian  (1): Viv Vision
Adrian  (1): Vulture
Walt (1): Walt Stone
Weiss (1): Weiss Schnee
Wendy (1): Wendy Corduroy
Elphaba (1): Wicked Witch of the West
Oscar (1): Wizard of Oz
Diana (1): Wonder Woman
Yang (1): Yang Xiao Long
Yasha (1): Yasha Nydoorin
Yoda (1): Yoda
Yondu (1): Yondu
Yosetsu (1): Yosetsu Awase
Yuga (1): Yuga Aoyama
Yui (1): Yui Kodai
Zach (1): Zach Wiebe
Zia (1): Zia Rashid
Zoë (1): Zoë Nightshade
Zuko (1): Zuko
Zulen (1): Zulen Kal-Thim
