Aang (Aang)
Abby Cadabby (Abby Cadabby)
Abigail (Abigail)
Abraham Van Helsing (Abraham Van Helsing)
Adam Warlock (Adam Warlock)
Adora/She-Ra (Adora)
Adrian Monk (Adrian Monk)
Aerith Gainsborough (Aerith Gainsborough)
Agatha Lively (Agatha)
Agent Venom (Agent Venom)
Ahsoka Tano (Ahsoka Tano)
Akihide Karatsu (Akihide Karatsu)
Akkar (Akkar)
Akuma (Akuma)
Alan Bradley (Alan Bradley)
Alan Scott (Alan Scott)
Alan Wake (Alan Wake)
Albus Dumbledore (Albus Dumbledore)
Alex DeLarge (Alex DeLarge)
Alex Fierro (Alex Fierro)
Alex (Alex)
Alexander Luthor Jr. (Alexander Luthor Jr.)
Alfred Pennyworth (Alfred Pennyworth)
Alice Johnson (Alice Johnson)
Dr. Allison Blake (Allison Blake)
Ally (Ally)
Alois (Alois)
Aloy (Aloy)
Alucard (Alucard)
Alyx Vance (Alyx)
Amadeus Cho (Amadeus Cho)
Amanda Waller (Amanda Waller)
Amara (Amara)
Amazi-Girl (Amazi-Girl)
America Chavez (America Chavez)
Amethyst (Amethyst)
Amos Kane (Amos Kane)
Amy Cahill (Amy Cahill)
Amy Ferrier (Amy Ferrier)
Amy Rose (Amy Rose)
Anakin Skywalker (Anakin Skywalker)
Angel (Angel)
Animal (Animal)
Ann Takamaki (Ann Takamaki)
Anna Croft (Anna Croft)
Anna (Anna)
Annabeth Chase (Annabeth Chase)
Annette (Annette)
Annie Montrose (Annie Montrose)
Anole (Anole)
Anton Chigurh (Anton Chigurh)
Aphelios (Aphelios)
Apollo (Lester Papadopoulos) (Apollo)
Applejack (Applejack)
Aquaman (Aquaman)
Aragorn (Aragorn)
Araithia Shokta (Araithia Shokta)
Armor (Armor)
Arthail, Consumer of Food (Arthail Consumer of Food)
Arthas Menethil (Arthas Menethil)
Arthur Holmwood (Arthur Holmwood)
Arthur Weasley (Arthur Weasley)
Artyom (Artyom)
Arwen Undómiel (Arwen)
Arya (Arya)
Asami Sato (Asami Sato)
Ash Ketchum (Ash Ketchum)
Ashley Brown (Ashley Brown)
Ashley Williams (Ashley Williams)
Athena (Athena)
Atreus (Atreus)
Atticus Finch (Atticus Finch)
Audrey Ramirez (Audrey Ramirez)
Aurora (Aurora)
Austin (Austin)
Axton (Axton)
Azula (Azula)
Baljeet Tjinder (Baljeet Tjinder)
Banjo (Banjo)
Banshee (Banshee)
Barbara Gordon (Barbara Gordon)
Bard the Bowman (Bard the Bowman)
Baron Zemo (Baron Zemo)
Barret Wallace (Barret Wallace)
Barry Allen (Barry Allen)
Barry B. Benson (Barry B. Benson)
Barry Wheeler (Barry Wheeler)
Bart Allen (Bart Allen)
Bastion (Bastion)
Batman (Batman)
Bayonetta (Bayonetta)
BB-8 (BB-8)
Beaker (Beaker)
Bean (Bean)
Beast Boy (Beast Boy)
Beast (Beast)
Bentley-23 (Bentley-23)
Bernadetta (Bernadetta)
Bert (Bert)
Beth Johanssen (Beth Johanssen)
Big Bird (Big Bird)
Big the Cat (Big the Cat)
Bilbo Baggins (Bilbo Baggins)
Bill Kerman (Bill Kerman)
Bill Weasley (Bill Weasley)
Billy Pilgrim (Billy Pilgrim)
Black Canary (Black Canary)
Black Lightning (Black Lightning)
Black Panther (Black Panther)
Black Widow (Black Widow)
Blake Belladonna (Blake Belladonna)
Blaze the Cat (Blaze the Cat)
Blink (Blink)
Blitzen (Blitzen)
Blue Marvel (Blue Marvel)
Blue Stupid Rat Creature (Blue Stupid Rat Creature)
Bob Kerman (Bob Kerman)
Bobby (Bobby)
Bolin (Bolin)
Booster Gold (Booster Gold)
Boromir (Boromir)
Boun (Boun)
Bow (Bow)
Bowser Jr. (Bowser Jr.)
Bowser (Bowser)
Brainiac 5 (Brainiac 5)
Breach (Breach)
Brian Robeson (Brian Robeson)
Brick (Brick)
Brimstone (Brimstone)
Brock (Brock)
Brom (Brom)
Brook (Brook)
Brown Stupid Rat Creature (Brown Stupid Rat Creature)
Bruce Ng (Bruce Ng)
Bucky Barnes (Bucky Barnes)
Buford Van Stomm (Buford Van Stomm)
Byleth (Byleth)
Byllemura Ruby-Eye (Byllemura Ruby-Eye)
C-3PO (C3PO)
Caesar Anthonio Zeppeli (Caesar Anthonio Zeppeli)
Cal Kestis (Cal Kestis)
Calypso (Calypso)
Candace Flynn (Candace Flynn)
Cannonball (Cannonball)
Captain Ahab (Captain Ahab)
Captain America (Captain America)
Captain Boomerang (Captain Boomerang)
Captain Britain (Captain Britain)
Captain Falcon (Captain Falcon)
Captain George Pollard Jr. (Captain George Pollard Jr.)
Captain John H. Miller (Captain John H. Miller)
Captain Kirk (Captain Kirk)
Captain Marvel Jr. (Captain Marvel Jr.)
Captain Marvel (Captain Marvel)
Captain Nemo (Captain Nemo)
Carmen Cortez (Carmen Cortez)
Carter Kane (Carter Kane)
Cassie Lang (Cassie Lang)
Catherine (Catherine)
Catra (Catra)
Chewbacca (Chewbacca)
Chun-Li (Chun-Li)
Claude (Claude)
Dana Franklin (Dana Franklin)
Darth Vader (Darth Vader)
Dedue (Dedue)
Dimitri (Dimitri)
Doctor Eggman (Doctor Eggman)
Dr. Bunsen Honeydew (Dr. Bunsen Honeydew)
Dr. Chris Beck (Dr. Chris Beck)
Edelgard (Edelgard)
Elsa (Elsa)
Ernie (Ernie)
Sam Wilson (Falcon)
Flayn (Flayn)
Fleur Delacour (Fleur Delacour)
Fone Bone (Fone Bone)
Ginny Weasley (Ginny Weasley)
Glimmer (Glimmer)
Glynnric Manassnass (Glynnric Manassnass)
Gran'ma Ben (Gran'ma Ben)
Green Arrow (Green Arrow)
Han Solo (Han Solo)
Hank Pym (Hank Pym)
Harbringer (Harbringer)
Harry Potter (Harry Potter)
Hawkeye (Hawkeye)
Hearthstone (Hearthstone)
Hermione Granger (Hermione Granger)
Hilda (Hilda)
Hope van Dyne (Hope van Dyne)
Hubert (Hubert)
Hulk (Hulk)
Iris West (Iris West)
Iroh (Iroh)
Iron Lad (Iron Lad)
Iron Man (Iron Man)
Ironheart (Ironheart)
Janet van Dyne (Janet van Dyne)
Jay Garrick (Jay Garrick)
Jem Finch (Jem Finch)
Jim Gordon (Jim Gordon)
John Seward (John Seward)
Jonathan Harker (Jonathan Harker)
Juni Cortez (Juni Cortez)
Kal-L (Kal-L)
Kalathos Sunstrider (Kalathos Sunstrider)
Kareem Par-Al (Kareem Par-Al)
Katara (Katara)
Kazooie (Kazooie)
Ken (Ken)
Korra (Korra)
Kratos (Kratos)
Kristoff (Kristoff)
Kylo Ren (Kylo Ren)
Leia Organa (Leia Organa)
Leo Valdez (Leo Valdez)
Lord Voldemort (Lord Voldemort)
Luigi (Luigi)
Luke Skywalker (Luke Skywalker)
M. Bison (M. Bison)
Mace Windu (Mace Windu)
Magneto (Magneto)
Magnus Chase (Magnus Chase)
Mai (Mai)
Mario (Mario)
Mary Marvel (Mary Marvel)
Maxwell (Maxwell)
Medic (Medic)
Mercedes (Mercedes)
Mina Harker (Mina Harker)
Nadia van Dyne (Nadia van Dyne)
Nahara (Nahara)
Northstar (Northstar)
Obi-Wan Kenobi (Obi-Wan Kenobi)
Olaf (Olaf)
Pariah (Pariah)
Percy Jackson (Percy Jackson)
Phoney Bone (Phoney Bone)
Princess Daisy (Princess Daisy)
Princess Peach (Princess Peach)
Psylocke (Psylocke)
Qui-Gon Jinn (Qui-Gon Jinn)
Quicksilver (Quicksilver)
Quincey Morris (Quincey Morris)
R2-D2 (R2-D2)
Rey (Rey)
Rhea (Rhea)
Rikk (Rikk)
Ron Weasley (Ron Weasley)
Rosalina (Rosalina)
Ruby Rider (Ruby Rider)
Rumy (Rumy)
Ryu (Ryu)
Sadie Kane (Sadie Kane)
Scarlet Witch (Scarlet Witch)
Scorpion (Scorpion)
Ant-Man (Scott Lang)
Scout Finch (Scout Finch)
Seteth (Seteth)
Seth (Seth)
Shamir (Shamir)
Smaug (Smaug)
Smiley Bone (Smiley Bone)
Sokka (Sokka)
Sombra (Sombra)
Sonic the Hedgehog (Sonic the Hedgehog)
Sothis (Sothis)
Storm (Storm)
Suki (Suki)
Superboy Prime (Superboy Prime)
Supergirl (Supergirl)
Superman (Superman)
Sven (Sven)
Ted Kord (Ted Kord)
Thanos (Thanos)
Thor (Thor)
Thorn Harvestar (Thorn Harvestar)
Toph Beifong (Toph Beifong)
Vision (Vision)
Viv Vision (Viv Vision)
Wally West (Wally West)
Walt Stone (Walt Stone)
War Machine (War Machine)
Yang Xiao Long (Yang Xiao Long)
Yoda (Yoda)
Zia Rashid (Zia Rashid)
Zuko (Zuko)